<?xml version="1.0" encoding="UTF-8"?>
<items>
   <item>Item 001</item>
   <item>Item 002</item>
   <item>Item 003</item>
   <item>Item 004</item>
   <item>Item 005</item>
   <item>Item 006</item>
   <item>Item 007</item>
   <item>Item 008</item>
   <item>Item 009</item>
   <item>Item 010</item>
   <item>Item 011</item>
   <item>Item 012</item>
   <item>Item 013</item>
   <item>Item 014</item>
   <item>Item 015</item>
   <item>Item 016</item>
   <item>Item 017</item>
   <item>Item 018</item>
   <item>Item 019</item>
   <item>Item 020</item>
   <item>Item 021</item>
   <item>Item 022</item>
   <item>Item 023</item>
   <item>Item 024</item>
   <item>Item 025</item>
   <item>Item 026</item>
   <item>Item 027</item>
   <item>Item 028</item>
   <item>Item 029</item>
   <item>Item 030</item>
   <item>Item 031</item>
   <item>Item 032</item>
   <item>Item 033</item>
   <item>Item 034</item>
   <item>Item 035</item>
   <item>Item 036</item>
   <item>Item 037</item>
   <item>Item 038</item>
   <item>Item 039</item>
   <item>Item 040</item>
   <item>Item 041</item>
   <item>Item 042</item>
   <item>Item 043</item>
   <item>Item 044</item>
   <item>Item 045</item>
   <item>Item 046</item>
   <item>Item 047</item>
   <item>Item 048</item>
   <item>Item 049</item>
   <item>Item 050</item>
   <item>Item 051</item>
   <item>Item 052</item>
   <item>Item 053</item>
   <item>Item 054</item>
   <item>Item 055</item>
   <item>Item 056</item>
   <item>Item 057</item>
   <item>Item 058</item>
   <item>Item 059</item>
   <item>Item 060</item>
   <item>Item 061</item>
   <item>Item 062</item>
   <item>Item 063</item>
   <item>Item 064</item>
   <item>Item 065</item>
   <item>Item 066</item>
   <item>Item 067</item>
   <item>Item 068</item>
   <item>Item 069</item>
   <item>Item 070</item>
   <item>Item 071</item>
   <item>Item 072</item>
   <item>Item 073</item>
   <item>Item 074</item>
   <item>Item 075</item>
   <item>Item 076</item>
   <item>Item 077</item>
   <item>Item 078</item>
   <item>Item 079</item>
   <item>Item 080</item>
   <item>Item 081</item>
   <item>Item 082</item>
   <item>Item 083</item>
   <item>Item 084</item>
   <item>Item 085</item>
   <item>Item 086</item>
   <item>Item 087</item>
   <item>Item 088</item>
   <item>Item 089</item>
   <item>Item 090</item>
   <item>Item 091</item>
   <item>Item 092</item>
   <item>Item 093</item>
   <item>Item 094</item>
   <item>Item 095</item>
   <item>Item 096</item>
   <item>Item 097</item>
   <item>Item 098</item>
   <item>Item 099</item>
   <item>Item 100</item>
</items>
